sentiment,text,user
"positive","RT @SamsungMobileIN: Bid adieu to power issues and bulky power banks as the new super powerful #GalaxyNote9 comes with a huge 4000 mAh batt‚Ä¶","jadumani_tarai"
"neutral","@SamsungMobileIN A3)  Inbuilt Samsung Dex \n#TimeforNote9 \n#GalaxyNote9","Sagarjack"
"positive","RT @TechnicalGuruji: Samsung Galaxy Note 9 Unboxing &amp; First Look - The Beast!!! üî•üî•üî• https://t.co/lfZau8PBgr via @YouTubeIndia https://t.co/‚Ä¶","Binayku07589209"
"positive","RT @SamsungMobileIN: We have taken the efficiency of the S Pen to the next level. It‚Äôs now Bluetooth enabled and works exactly like a remot‚Ä¶","jadumani_tarai"
"neutral","@minhwantuan Nan parce que j'avais bun Samsung et je suis pass√©e sur Android mais j'aime pas du tout l'interface","WANGasmique"
"positive","RT @SamsungMobileIN: Q5. In India, the #GalaxyNote9 will be available in these ‚Äònever-seen-before‚Äô colour variants. Watch the webcast, repl‚Ä¶","bhansali_jinal"
"positive","RT @SamsungMobileIN: The mighty S Pen of #GalaxyNote9 lets you capture moments like no one else can. You can click selfies and much more wi‚Ä¶","jadumani_tarai"
"neutral","Samsung has unveiled the CJG5 series, which delivers some of the core features you might crave without the extras.\nhttps://t.co/2d1MG6VwLl","mikrotecnow"
"neutral","las har√© entrar en mi samsung j5 https://t.co/Wa9B9PlUT1","smilewitheyl"
"positive","RT @SamsungMobileIN: With the #GalaxyNote9, we want to level up your photography game. The intelligent camera identifies subjects, optimize‚Ä¶","jadumani_tarai"
"negative","RT @SamsungMobileIN: The #GalaxyNote9 changes everything. It is the new game changer. It is engineered to exceed your expectations- Asim Wa‚Ä¶","jadumani_tarai"
"neutral","@luvillafane73 @camilaledesma32 El mio es Samsung y no lo tiene. Se dan cuenta de la sal que manejo? Ya fue me muero nomas.","MarianoGrand1"
"positive","RT @SamsungMobileIN: Q3: This feature of the all new super powerful #GalaxyNote9 helps in transforming your phone into a PC like experience‚Ä¶","Sagarjack"
"neutral","RT @SamsungMobileIN: So, there‚Äôs no one like you and there‚Äôs nothing like a Note- DJ Koh, President, Samsung Mobile &amp; IT Business. #GalaxyN‚Ä¶","jadumani_tarai"
"neutral","bye bye iphone 7, rebonjour ancien Samsung","lolaaprn"
"positive","@geegeemidnight Hey just read your article on the new coming Samsung monitors. Apparently we can't leave comments o‚Ä¶ https://t.co/vDZsGA5A9j","GreenBean59"
"positive","RT @SamsungMobileIN: Q5. In India, the #GalaxyNote9 will be available in these ‚Äònever-seen-before‚Äô colour variants. Watch the webcast, repl‚Ä¶","ACoffeeAddict"
"positive","RT @SamsungMobileIN: The Galaxy Note is just not a mere smartphone. It indeed raised the bar for the smartphones by becoming the most power‚Ä¶","jadumani_tarai"
"neutral","RT @sterlingmrch: En fin, aqu√≠ os dejo un enlace para dar vuestra opini√≥n del restaurante. A ver si entre todos podemos bajarle la nota a m‚Ä¶","Henrycacu"
"positive","RT @TechnicalGuruji: Samsung Galaxy Note 9 launched in India..Kuch interesting karte hai fir jaldi hi... https://t.co/4YeK2ej1qW","Santosh94904653"
"positive","Samsung UN55MU650D 55\" \"Curved 4K LED Smart Ultra HD TV https://t.co/5vQJEMgNrW https://t.co/sBJAOI70yr","techzonestation"
"positive","RT @SamsungMobileIN: DJ Koh, President, Samsung Mobile Business, takes the stage at the #GalaxyNote9. Watch the webcast live here:  https:/‚Ä¶","jadumani_tarai"
"neutral","RT @dakotapvcs: quando a c√¢mera do samsung da bug https://t.co/hytGdMPRch","gabriela_mury"
"positive","[americanas] Smart TV LED 58\" Samsung 58mu6120 Ultra HD 4K com Conversor Digital Integrado 3 HDMI... https://t.co/KmXozR4ZxT","GafanhotoApp"
"neutral","An #AI #Camera and a #Bigger battery: what to know about the #Samsung Note9 - #PrescientInfo https://t.co/mEokw9XBCB","philipnettleton"
"neutral","As√≠ es el nuevo Samsung Galaxy Note 9 https://t.co/1FXDwnAJml v√≠a @kelisto","GianFrDiGiorgi"
"neutral","RT @masjp72: „ÅÑ„ÇÑ„ÅÑ„ÇÑ„ÄÅ„Åã„Å™„Çä„ÅÆË¶™Êó•ÂõΩ„Åß„Åô„Å£„Å¶„Å∞„ÄÇÊó•Êú¨ËªäÁéá„ÅØÊú¨ÂõΩ„Çà„ÇäÈ´ò„Åè‰∏ñÁïå‰∏Ä„Å†„Åó„ÄÅÊó•Êú¨ÊóÖË°å„Éñ„Éº„É†„ÄÇ„Åß„ÇÇËªä‰ª•Â§ñ„ÅÆÊó•Êú¨Ë£Ω‰ø°‰ª∞„ÅØÂ¥©„Çå„ÅüÊÑü„Åå„ÄÇÊó¢„Å´ÂÆ∂Èõª„ÇÇÂÖ®Ëà¨ÁöÑ„Å´‰∏≠Èüì„É°„Ç§„É≥„Å†„ÅóÊó•Êú¨Ë£Ω„Çπ„Éû„Éõ„ÇÇÊ∂à„Åà„Åü„ÄÇSamsung„ÅÆ„Çπ„Éû„Éõ„ÅØ10‰∏áÂÜÜ‰ª•‰∏ä„Åô„Çã„ÅÆ„Å´Â£≤„Çå„Åæ„Åè„Çä„Åß„ÅÇ„Çä„ÄÅÂÄ§ÊÆµ„Åß„ÅØ„Å™„ÅèÂìÅ‚Ä¶","P_iko62"
"negative","I have got a fake samsung level u wireless earphone from @snapdeal so I have raised request to refund it then i got‚Ä¶ https://t.co/8BG4VyViEa","Rahulcho22"
"positive","Samsung‚Äôs Galaxy Note9: Too Much Phone for Most of Us https://t.co/XXJsn8hBFL","kiran_sand"
"positive","RT @Emojipedia: üìù Emoji 11.0 Support (updated)\n\n‚úÖ Twemoji: Jun 2018\n‚úÖ Google: Aug 2018\n‚úÖ EmojiOne: Aug 2018\nüîú Samsung: Aug 2018 (confirmed)‚Ä¶","mcredou"
"negative","RT @WhispersInspire: My days are long. Seriously, I can‚Äôt wait for a phone battery that‚Äôs longer! @BestBuy‚Äôs taking pre-orders for the new‚Ä¶","Coupondipity"
"positive","Quit trying to justify that the Note 9 isn‚Äôt worth it. Yeah I‚Äôm sure there are other phone out that‚Äôs half the pric‚Ä¶ https://t.co/AWwgMAJLKN","TechnicallyTee"
"neutral","#SamsungIoT &amp; #Bixby enabled devices allow me to do things that were not possible before. Now I can see what‚Äôs insi‚Ä¶ https://t.co/TveOq2r15t","ahatshan"
"positive","There‚Äôs still time to enter and/or get extra entries for our #SprintSpiritSweepstakes! Win a vacation for 4, state-‚Ä¶ https://t.co/WozcHAICt0","sprint"
"positive","RT @FortniteGame: Fortnite is rolling out on Android starting today! Samsung Galaxy devices are the first to be invited. Visit the Android‚Ä¶","csbeast1"
"neutral","#SamsungIoT &amp; #Bixby enabled devices allow me to do things that were not possible before. Now, I can see what‚Äôs ins‚Ä¶ https://t.co/JINmMzA60Q","ahatshan"
"neutral","PIOR MENTIRA DO MUNDO DIGITAL √â QUE ANDROID \"PURO\" √â MELHOR, pqp essa desgra√ßa de @MotorolaBR √© toda bugada! Outras‚Ä¶ https://t.co/VImHVMjVhU","mtbcarai"
"positive","RT @SamsungMobileIN: Q2 Level up your mobile gaming experience with the all new super powerful #GalaxyNote9. Watch the webcast, reply using‚Ä¶","Sagarjack"
"neutral","ÿ£ÿ∂ŸÅÿ™ ŸÅŸäÿØŸäŸà ÿ•ŸÑŸâ ŸÇÿßÿ¶ŸÖÿ© ÿ™ÿ¥ÿ∫ŸäŸÑ @YouTube ÿπŸÑŸâ https://t.co/Ah6K0mJiOn Samsung j2 pro J250f frp bypass google","shenawy200200"
"positive","@minhwantuan Okok les gammes de Samsung galaxy A3 sont vraiment bien et sinon le galaxy s6 est top surtout niveau p‚Ä¶ https://t.co/MG02GQedZs","WANGasmique"
"neutral","RT @guardian: Samsung Galaxy Note 9 review: the do-everything phone https://t.co/gaRsFaE3gA","Wealth365Inc"
"neutral","RT @POORVIKA_MOBILE: Meet the South Indian Queen Actress @trishtrashers at our @POORVIKA_MOBILE store in Adambakkam today by 4.30 PM.\n\n#Sam‚Ä¶","Deepii56"
"positive","RT @SamsungMobileIN: Q4: Get effortlessly brilliant shots with this intelligent camera feature. Watch the webcast, reply using #TimeForNote‚Ä¶","ACoffeeAddict"
"neutral","RT @gadgetsnow: https://t.co/H7xTz2gTcX","sunil_swizy"
"positive","RT @SamsungMobileIN: @kingsunny7922 Get Ready to experience the all new super powerful Note. The #GalaxyNote9 now in India, watch all the a‚Ä¶","kingsunny7922"
"positive","RT @KuatoStudios: ‚≠ê#Win a remote control TB2, TB2 lunch bag, FAB1 plush from @hrdesignltd and an 8gb Samsung Galaxy tablet! ‚≠ê \n\nRT this pos‚Ä¶","Lisamad83"
"positive","@GmanThe2nd We'd love to check out the details for your sweet new Samsung Galaxy Note 9! Send us DM here‚Ä¶ https://t.co/VOAfJPIPph","TMobileHelp"
"neutral","He participado para conseguir un Samsung S9+, con auriculares y smartwatch. Participa ahora con‚Ä¶ https://t.co/8Cz3gxKq4u","robertoperez76"
"positive","Samsung Galaxy Tab S4 now available in Canada\nhttps://t.co/sBKmlIvNHg https://t.co/MJ3W8hARN3","MobileSyrup"
"neutral","@SamsungMobileIN A3: \" Samsung DeX \" allows us to convert laptop into a PC. üíªüì≤\n\n#TimeforNote9 #GalaxyNote9 @SamsungMobileIN","ACoffeeAddict"
"neutral","'clouds' - #Hollenstein #Kirchbergamwalde #Waldviertel #Nieder√∂sterreich #Austria #√ñsterreich #landscape‚Ä¶ https://t.co/5vEsxyfF3n","giep68"
"neutral","UQ„É¢„Éê„Ç§„É´\niOS12 BataÊõ¥Êñ∞„Åß„ÉÜ„Ç∂„É™„É≥„Ç∞Ëß£Á¶Å https://t.co/TRPF6swFgl","VoLTE_Samsung"
"neutral","@arinspiredza Tk suka pkai yg iphone pnya geli ü§£ü§£ü§£ü§£ü§£ü§£ suka Samsung pnya","siasikin_"
"neutral","@Samsung_IN I already used in note8","NaveenH04161368"
"neutral","RT @SuperSaf: iPhone X or Samsung Galaxy Note 9? https://t.co/dsotweAsRg\n\n‚ù§Ô∏è Like = #iPhoneX (1 point) \nüîÅ RT = #GalaxyNote9 (3 points) http‚Ä¶","ari_misra138"
"neutral","RT @TechnicalGuruji: Tech Talks #587 - PUBG XBox, Nokia 6.1 Plus, Oppo F9 Pro, Facebook AI, Samsung Note 9, Whatsapp Use https://t.co/ZaG9Z‚Ä¶","Binayku07589209"
"neutral","https://t.co/8O2mCTFTn9","PositiveRadio"
"neutral","Samsung est√° trabajando en una nueva generaci√≥n de la Galaxy View - https://t.co/sC1uJRNBbH https://t.co/GSoEfvQ151","androidsis"
"neutral","Samsung est√° trabajando en una nueva generaci√≥n de la Galaxy View - https://t.co/WgiYsGgVMd https://t.co/W08k3PeXh1","Googlelizados"
"neutral","RT @twandroid: ‚åö La montre connect√©e #SamsungGalaxyWatch est dispo en pr√©commande sur @rueducommerce ! üòç üëâ https://t.co/HtQQ47xwyg\n\nüî∏Ecran‚Ä¶","carpediem_ego"
"positive","RT @SamsungMobileIN: Q4: Get effortlessly brilliant shots with this intelligent camera feature. Watch the webcast, reply using #TimeForNote‚Ä¶","nikhilcoool06"
"negative","@YHLMag @Samsung @AVogelUK Gym or swimming everyday","0zzyhog"
"positive","RT @TechnicalGuruji: Samsung Galaxy Note 9 launched in India..Kuch interesting karte hai fir jaldi hi... https://t.co/4YeK2ej1qW","Binayku07589209"
"neutral","Gostei de um v√≠deo @YouTube https://t.co/o6h9cvTVuB to disassemble üì± Samsung Galaxy A7 A710 (2016) Take apart Tutorial","jpaulovianna"
"positive","Samsung Galaxy Note 9 Launched in India: Price, Offers and Specifications https://t.co/O37M5ico3o via @gadgetstouse‚Ä¶ https://t.co/MCjFbgJ6rB","gopalakrishnan5"
"positive","Samsung phone got the new FOTA update | J7 prime oreo update and j6 infinity new update: https://t.co/oUIP6iWYCr via @YouTube","AndroidTech001"
"positive","RT @RajivMakhni: Prices for the New Samsung Note 9 https://t.co/Az3P4urkLh","innocent_boy110"
"positive","RT @SamsungMobileIN: Q3: This feature of the all new super powerful #GalaxyNote9 helps in transforming your phone into a PC like experience‚Ä¶","ACoffeeAddict"
"neutral","RT @ZZ_Princess: Elle insiste pour y retourner. Je lui dis que c‚Äôest pas la meilleure solution. Mais elle n‚Äôa pas le choix (les gens qui on‚Ä¶","ludosseh"
"neutral","RT @nisharotech: So the wait is finally getting over with @Samsung_IN launching its premium #GalaxyNote9 smartphone in India that comes wit‚Ä¶","nimisha_prasad2"
"neutral","‡∞á‡∞Ç‡∞°‡∞ø‡∞Ø‡∞®‡±ç ‡∞Æ‡∞æ‡∞∞‡±ç‡∞ï‡±Ü‡∞ü‡±ç ‡∞≤‡±ã‡∞ï‡∞ø #Samsung Galaxy¬†Note 9 ‡∞∏‡±ç‡∞Æ‡∞æ‡∞∞‡±ç‡∞ü‡±ç ‡∞´‡±ã‡∞®‡±ç: ‡∞ß‡∞∞,‡∞∏‡±ç‡∞™‡±Ü‡∞∏‡∞ø‡∞´‡∞ø‡∞ï‡±á‡∞∑‡∞®‡±ç‡∞∏‡±ç,‡∞´‡±Ä‡∞ö‡∞∞‡±ç‡∞∏‡±ç ‡∞µ‡∞ø‡∞µ‡∞∞‡∞æ‡∞≤‡±Å‚Ä¶ https://t.co/dOEyGgef2j","TeluguDigit"
"positive","Love to Be with Samsung Samsung Mobile\n\n#SAMSUNG #MEMBERS #FAN #PARTY #WITH #GALAXY #NOTE #NOTE9 #GALAXYNOTE9‚Ä¶ https://t.co/qWavmFKrxT","VimalDoshi1989"
"positive","Just now  Samsung has launched 2 variant of note 9 in India today.  Samsung is giving big storage as well as cool d‚Ä¶ https://t.co/QJ3J4ACZ8e","rohan55126224"
"positive","RT @SamsungMobileIN: Q5. In India, the #GalaxyNote9 will be available in these ‚Äònever-seen-before‚Äô colour variants. Watch the webcast, repl‚Ä¶","VishnuNairBabu1"
"positive","@SamsungMobileIN A3. SAMSUNG DEX \nIt transforms mobile into a PC-like experience to do more of PC work on mobile‚Ä¶ https://t.co/E2JS9FYpId","nikhilcoool06"
"neutral","Render reveals the Samsung Galaxy J2 Core color options\n\nThe Galaxy J2 Core is going to be an affordable Android Go‚Ä¶ https://t.co/82r0nn0vuH","besttechtrade"
"positive","RT @gadgetstouse: #GTUTechUpdate Samsung #GalaxyNote9 Launched in India: Price, Offers and Specifications: https://t.co/Rlgq0atBRv https://‚Ä¶","gopalakrishnan5"
"positive","Samsung Galaxy Note 9 vs Galaxy Note 8\n\nThe mighty Samsung Galaxy Note 9, it‚Äôs been unwrapped and sets the tone for‚Ä¶ https://t.co/WaN4dWDKbO","besttechtrade"
"negative","RT @SamsungMobileIN: Q1: No more rushing to beat the self-timer or straining your arm to take a selfie. Watch the webcast, reply using #Tim‚Ä¶","Sagarjack"
"neutral","RT @_GamersOnly: üî•This giveaway is LIT!!üî•\nüëÄDon‚Äôt miss outüëÄ\n\nüéâ Samsung 4K Monitor, ASTRO A40 Headset + MixAmp, &amp; SCUF Controller\nüëã Tag Your‚Ä¶","TheBadguy1992"
"positive","RT @ActressTrisha: If you missed the live of @trishtrashers launching the Samsung Galaxy Note 9 in  @POORVIKA_MOBILE store in Adambakkam. H‚Ä¶","Deepii56"
"positive","RT @SamsungMobileIN: You can now create your own workstation. Samsung Dex is the ultimate extension for you all- Asim Warsi, VP, Samsung In‚Ä¶","thKanishkaMehta"
"neutral","‡∞∏‡∞æ‡∞Æ‡±ç ‡∞∏‡∞Ç‡∞ó‡±ç ‡∞á‡∞Ç‡∞°‡∞ø‡∞Ø‡∞®‡±ç ‡∞Æ‡∞æ‡∞∞‡±ç‡∞ï‡±Ü‡∞ü‡±ç ‡∞≤‡±ã‡∞ï‡∞ø Samsung Galaxy Note 9 ‡∞∏‡±ç‡∞Æ‡∞æ‡∞∞‡±ç‡∞ü‡±ç ‡∞´‡±ã‡∞®‡±ç ‡∞®‡∞ø ‡∞µ‡∞ø‡∞°‡±Å‡∞¶‡∞≤ ‡∞ö‡±á‡∞∏‡∞ø‡∞Ç‡∞¶‡∞ø. ‡∞à ‡∞∏‡±ç‡∞Æ‡∞æ‡∞∞‡±ç‡∞ü‡±ç ‡∞´‡±ã‡∞®‡±ç ‡∞∞‡±Ü‡∞Ç‡∞°‡±Å ‡∞Æ‡±ã‡∞°‡∞≤‡±ç‚Ä¶ https://t.co/3zEoybmO0E","saladi_saladi"
"negative","Was thinking about the imo ugliness of the notch in the iPhone 10 so I googled a bit and apparently samsung has a p‚Ä¶ https://t.co/iSuOtLnxeY","bastheist"
"positive","I entered to win a Samsung Gear S3 Smartwatch (ARV $399) at Feisty Frugal &amp; Fabulous. Here's where you can enter to‚Ä¶ https://t.co/0NWcVUDKpq","JemsW16"
"neutral","He participado para conseguir un Samsung S9+, con auriculares y smartwatch. Participa ahora con‚Ä¶ https://t.co/jFLM123aH3","SherperkMan"
"neutral","I Prefer OnePlus over Samsung because _______. Watch how @OnePlus_IN has beaten @SamsungMobileIN in India‚Ä¶ https://t.co/CxwYwb1LQ6","Vin90Vinit"
"positive","I liked a @YouTube video https://t.co/3lB2TlFmdz Samsung Galaxy S10 - OFFICIAL NEWS!!","ahmed_065"
"positive","RT @SamsungMobileIN: Q4: Get effortlessly brilliant shots with this intelligent camera feature. Watch the webcast, reply using #TimeForNote‚Ä¶","VishnuNairBabu1"
"neutral","RT @ipedd_: ‡∏≠‡πà‡∏∞‡∏°‡∏≤‡∏û‡∏£‡∏µ‡∏ß‡∏¥‡∏ß#NOTE9th ‡∏á‡πà‡∏≤‡∏¢‡∏á‡πà‡∏≤‡∏¢‡∏•‡∏∞‡∏Å‡∏±‡∏ô\n‡∏ï‡∏≤‡∏°‡∏≠‡πà‡∏≤‡∏ô‡∏£‡∏µ‡∏û‡∏•‡∏≤‡∏¢‡πÉ‡∏ï‡πâ‡∏ó‡∏ß‡∏µ‡∏ï‡πÄ‡∏≠‡∏≤‡∏•‡∏∞‡∏Å‡∏±‡∏ô‡πÄ‡∏ô‡∏≠‡∏∞.\n- ‡∏ï‡∏±‡∏ß‡∏Å‡∏•‡πà‡∏≠‡∏á‡∏°‡∏µ‡∏™‡∏≠‡∏á‡∏ä‡∏±‡πâ‡∏ô\n- ‡∏Ç‡πâ‡∏≤‡∏á‡∏´‡∏•‡∏±‡∏á‡∏ä‡∏±‡πâ‡∏ô‡πÅ‡∏£‡∏Å‡∏Å‡πá‡∏ö‡∏≠‡∏Å‡∏™‡πÄ‡∏õ‡∏Ñ‡πÄ‡∏Ñ‡∏£‡∏∑‡πà‡∏≠‡∏á\n‡∏ã‡∏∑‡πâ‡∏≠‚Ä¶","ForeverELF852"
"neutral","@TechnicalGuruji @SamsungMobileIN @SamsungMobile Yes plz make a giveaway contest of Samsung galaxy note 9 ‚ò∫Ô∏è‚ò∫Ô∏è‚ò∫Ô∏è","Binayku07589209"
"neutral","Why Branch Banking Technology Is a Critical Part of the Customer Journey https://t.co/m75UNP9s5y https://t.co/WzSkwKc4Nt","DavidMPerez1"
"neutral","RT @nicorivera9: El Galaxy Note 9 es uno de mis tel√©fonos favoritos del a√±o. Insisto con lo que ya dije en el pasado: no sorprende en nada,‚Ä¶","estmogon"
"positive","RT @SamsungMobileIN: Q5. In India, the #GalaxyNote9 will be available in these ‚Äònever-seen-before‚Äô colour variants. Watch the webcast, repl‚Ä¶","Maan189"
"positive","RT @SamsungMobileIN: Q4: Get effortlessly brilliant shots with this intelligent camera feature. Watch the webcast, reply using #TimeForNote‚Ä¶","bhansali_jinal"
"positive","RT @SamsungMobileIN: Q4: Get effortlessly brilliant shots with this intelligent camera feature. Watch the webcast, reply using #TimeForNote‚Ä¶","Maan189"
"positive","For the first time in India, Some really good mid-range smartphones will arrive this Diwali from Samsung.\n\n#Samsung‚Ä¶ https://t.co/KOAuddXvyE","PaidFreeDroid"
"positive","After an year of my complaining about the phone and demanding a replacement, you did a great job wasting my time, m‚Ä¶ https://t.co/YCi00v3Xsh","ShivamC68097946"
"positive","RT @SamsungMobileIN: Q3: This feature of the all new super powerful #GalaxyNote9 helps in transforming your phone into a PC like experience‚Ä¶","Maan189"
"neutral","@SamsungMobileIN Hey @SamsungMobileIN Its the \" SAMSUNG DEX\" that will help us in transforming our #GalaxyNote9 int‚Ä¶ https://t.co/y6lnNPNGkk","bhansali_jinal"